<Environment>
       <KinBody name="floor">
    <Body name="body2" type="static">
      <Translation>0 0 -0.6</Translation>
      <mass type="custom">
		<total>0</total>
		<com>0 0 0</com>
		</mass>
      <Geom type="box">
        <extents>1 1 0.005</extents>
        <diffuseColor>.3 1 .3</diffuseColor>
      	<ambientColor>0.3 1 0.3</ambientColor>
      </Geom>
    </Body>
     </KinBody>
	<KinBody name="table2">
	<Body name="body1" type="static">
		<mass type="custom">
		<total>0</total>
		<com>0 0 0</com>
		</mass>
		<Geom type="trimesh">

		<data>table2_fixed.iv</data>
		<Render>table2_fixed.iv</Render>
	       
		</Geom>
	</Body>
	</KinBody>
<!--################################################################-->
	<KinBody name="box">
	    <Translation> 0.35  0.0 0.01 </Translation>
	    <Body type="static" name="boxlink">
	      <Geom type="box">
		<extents> 0.01 0.01 0.01 </extents>
		<diffuseColor>0.8 0 0</diffuseColor>
		<transparency>0.01</transparency>
	      </Geom>
	    </Body>
	  </KinBody>
<!--################################################################-->
	
	<Robot file="youbot_5D_base_gripper.robot.xml" name="youBot">
	 <Translation>0 0 0.12</Translation>
	<!--jointvalues> 0 0 -2.96244 -1.04883 2.43523 -1.73184 -2.91062 </jointvalues-->
	</Robot>
</Environment>
